name,reviews,price,published at
name: How to Earn Money Online with ChatGPT: Mastering Chat GPT to Create New Income Streams and Unlock the Secrets of AI to Discover Profitable Opportunities in the Digital Age,reviews: 0.,price: 0.,"date: May 16, 2024"
name: How to Earn Money Online with ChatGPT: Mastering Chat GPT to Create New Income Streams and Unlock the Secrets of AI to Discover Profitable Opportunities in the Digital Age,reviews: 9.,price: 9.,"date: May 17, 2024"
name: Generative AI Millionaire: 17+1 Proven Methods to Leverage Artificial Intelligence to Make Money Online,reviews: 11.,price: 11.,"date: Jan 3, 2024"
name: How to Make a Huge Amount of Money with ChatGPT: The Ultimate Guide to Earn Money with Artificial Intelligence and Create Passive Income,reviews: 12.,price: 12.,"date: Feb 16, 2023"
name: How to Make Money Online Using ChatGPT: Quit Your Day Job and Earn Full-Time Income Using ChatGPT Even If You Have Zero Experience (A Complete Easy-to-Understand and Up-to-Date Guide for Beginners),reviews: 0.,price: 0.,date:
"name: The ChatGPT Billionaire: 15 Proven Methods to Make Money Online Every Month. The Complete, Practical and Step By Step Guide to Earn Money with Artificial Intelligence",reviews: 12.,price: 12.,"date: Apr 30, 2023"
name: How to Make Money with AI & Chat GPT: The Ultimate Side Hustle Idea. 25 Ways to Make Money with AI & Chat GPT: Earn Passive Income & Grow a Successful Side Hustle in Your Spare Time Using AI,reviews: 0.,price: 0.,date:
"name: Make money with an AI Influencer: Earn $30,000/month with your AI Avatar",reviews: 3.,price: 3.,"date: Apr 11, 2024"
name: Easy ways to earn money with Chat GPT and Midjourney AI,reviews: 0.,price: 0.,"date: May 13, 2023"
"name: ChatGPT & AI Skills: Securing Your Job in 2024: Earn Money with Artificial Intelligence Basic: AI-Powered Productivity: AI for Business, AI in Healthcare, Future of Artificial Intelligence",reviews: 6.,price: 6.,"date: Mar 11, 2024"
"name: The ChatGPT Billionaire: 15 Proven Methods to Make Money Online Every Month. The Complete, Practical and Step By Step Guide to Earn Money with Artificial Intelligence",reviews: 12.,price: 12.,"date: Apr 30, 2023"
name: How to Make Money Online Using ChatGPT: Quit Your Day Job and Earn Full-Time Income Using ChatGPT Even if You Have Zero Experience (A Complete Easy-to-Understand and Up-to-Date Guide for Beginners),reviews: 13.,price: 13.,"date: Aug 8, 2023"
name: THE 3 WAYS TO EARN MONEY WITH AI,reviews: 3.,price: 3.,"date: Jul 27, 2023"
name: AI Wealth Entrepreneur: How Anyone Can Make Money Online with Artificial Intelligence in Just 30 Minutes a Day,reviews: 0.,price: 0.,"date: May 31, 2024"
name: How to Make Money Online with AI for Beginners: The Step-by-Step Guide to Creating Multiple Passive Income Streams,reviews: 0.,price: 0.,date:
name: Earn Money with AI - 7 Best Ways to Make Money Using ChatGPT,reviews: 0.,price: 0.,"date: May 31, 2024"
name: Writing and Publishing a Book on Amazon KDP with AI:: The Ultimate Guide to Self-Publishing with Artificial Intelligence to make money and generate ... (AI (Artificial Intelligence) for everyone),reviews: 18.,price: 18.,"date: Mar 12, 2024"
name: Earn Money Through ChatGPT : Unlocking the potential of AI to Earn Money: Mastering the Art of ChatGPT: Unlocking the potential of AI to Earn Money and Streamline,reviews: 0.,price: 0.,"date: Jan 13, 2023"
name: How To Earn Money With AI: Step-by-Step Guide to Turning AI into Revenue,reviews: 0.,price: 0.,"date: Jan 29, 2024"
name: how to earn money through artificial intelligence: full guide,reviews: 4.,price: 4.,"date: Mar 9, 2024"
name: AI Entrepreneurâ€™s Handbook: Build a Profitable Business and Make Money by Unleashing the Power of ChatGPT and Artificial Intelligence (Includes 150+ ChatGPT prompts to turbocharge your business),reviews: 11.,price: 11.,"date: Apr 4, 2024"
name: The ChatGPT Millionaire: Making Money Online has never been this EASY (Chat GPT and Generative AI Mastery Series),reviews: 12.,price: 12.,"date: Jan 19, 2023"
